doc_id,url,page_title,text_snippet,label,flood_id,pub_date
fd2bfbd1-7c17-4285-b114-c5ca379b8800,https://www.courant.com/travel/travel-news/sns-airplane-food-service-cut-20210830-7ydhyxpjv5bfhitke2td2ihbhq-story.html,"Airplane food is back, but it’s not like you remember - Hartford Courant","Full airline menus are back — but say goodbye to pre-meal cocktails, warm cookies and a lot of chitchat with your flight attendants.
After cutting most food service during the pandemic, airlines are once again offering premium dishes such as miso-marinated cod, Greek chicken salad and braised short ribs to entice the big spenders who buy first- and business-class seats.
But COVID-19 has forced changes in the way they serve food and drinks, as well as some usual offerings such as snacks, to reduc",0,22,2021-08-30
e67ec294-75e8-483f-b5ab-c9753bc707d4,https://www.kgw.com/article/news/health/coronavirus/vaccine/fda-panel-johnson-and-johnson-covid-19-booster-shots-debate/507-251de8a2-39a8-4bda-a4ea-4718d0ddb6cc,Johnson and Johnson COVID booster shots endorsed by FDA panel | kgw.com,"WASHINGTON — U.S. health advisers endorsed a booster of Johnson & Johnson’s COVID-19 vaccine Friday, citing concern that Americans who got the single-dose shot aren’t as protected as those given two-dose brands.
J&J told the Food and Drug Administration that an extra dose adds important protection as early as two months after initial vaccination — but that it might work better if people wait until six months later. Unable to settle the best timing, the FDA's advisory panel voted unanimously that",0,22,2026-05-11
d75e0fb0-4717-4b6a-969b-eae52add0b5b,https://www.kuow.org/stories/dead-cattle-more-that-could-become-sick-or-hungry-grim-stories-leak-out-of-whatcom-and-skagit-coun,"KUOW - Dead cattle, more that could become sick or hungry, grim stories leak out of Whatcom and Skagit counties","Dead cattle, more that could become sick or hungry, grim stories leak out of Whatcom and Skagit counties
Chris Sybrandy, a dairy farmer in Skagit County in northern Washington, says he recently helped haul more than 40 dead animals out of barns for his friends nearby.
“I made a decision that I needed to help them take their cows out, so they didn’t have to take their own animals out,” Sybrandy says. “Having raised these cows from babies, I didn’t want them to have to take them out themselves.”
T",1,22,2021-11-23
c9e526b9-b411-4eda-8e36-50b256e0e894,https://tucson.com/news/local/article_c630a967-366b-5c37-998e-4a188bda5489.html,Ecologists issue call to action after buffelgrass fire scorches saguaros in Catalinas | Local news | tucson.com,"It was the fire desert ecologists have been warning about for years, and they say it won’t be the last.
Dozens of saguaros burned late last week in a lightning-sparked blaze that scorched about 25 acres in the Santa Catalina Mountains.
According to U.S. Forest Service officials, it was the first known fire in the Catalinas primarily fueled by buffelgrass, an invasive plant that has taken hold across the range and throughout Southern Arizona.
“It’s a harbinger of things to come up there, unfortun",0,22,2019-08-30
56495b52-3d3c-4e24-ad2c-6e3dffbba582,https://abc13.com/plane-crash-brazil-soccer-team/1630019/,Brazilian soccer team's plane crashes in Colombia; 71 dead - ABC13 Houston,"The British Aerospace 146 short-haul plane, operated by a charter airline with roots in Venezuela, declared an emergency and lost radar contact just before 10 p.m. Monday (0300 GMT Tuesday) because of an electrical failure, aviation authorities said.
The aircraft, which had departed from Santa Cruz, Bolivia, was carrying the up and coming Chapecoense soccer team from southern Brazil for Wednesday's first leg of a two-game Copa Sudamericana final against Atletico Nacional of Medellin.
""What was s",0,22,2016-11-30
8d85c8c7-93c6-4d87-8e32-ecae1df2ebcf,"https://apnews.com/0e41fa410d2d41c3b00689910026b1d8/South-bracing-for-more-severe-storms,-rain",Quick decisions meant life or death in Southeastern storms | AP News,"Quick decisions meant life or death in Southeastern storms
As an apparent tornado bore down on them, seven people in a mobile home in southeast Alabama made a life-or-death decision: Three ran into one bathroom for shelter and four ran in the opposite direction to another room seeking safety.
The three, including Lawana Henrich, survived without a scratch, according to Coroner Robert Byrd. But a big hardwood tree that slammed into the mobile home killed the four others, including Henrich’s daugh",0,22,2017-01-03
c6213e9c-9962-4040-89a5-9a28c987c365,https://www.wbez.org/shows/wbez-news/black-vote-proves-key-in-chicago-mayoral-race/89d5ec62-5c44-45d8-b7d8-82e25850631e,Emanuel repeats victory in black wards | WBEZ Chicago,"Without the black vote, Chicago Mayor Rahm Emanuel wouldn’t have won reelection.
Four years ago, Emanuel won most of the votes in black wards. On Tuesday, he repeated that performance in a runoff by receiving on average 57 percent of the vote in those South and West side wards.
To be sure, Emanuel also fared well with white voters, especially in affluent wards. Yet both Emanuel and challenger Cook County Commissioner Jesus “Chuy” Garcia jockeyed for the black vote. The candidates tailored their ",0,22,2015-04-08
e23ad780-b060-4975-bef5-63e14797da84,https://wjla.com/station/people/jonathan-elias-07-18-2015,Jonathan Elias | WJLA,"Jonathan Elias is an award winning journalist and has been recognized both nationally and locally for covering and reporting stories. Right now Elias anchors our 4, 6, and 11 p.m. on ABC7 News, as well as our 10 p.m. on WJLA 24/7.
He also heads up the 7Salutes beat, where he is constantly looking for stories about our men and women who are serving or have served in the military.
Elias joins ABC7/WJLA-TV from WBZ in Boston where he was a primary anchor and a lead reporter. On the day of the Bosto",0,22,2015-07-17
072558a6-17e4-4b4b-a434-4ed38eb299cf,https://www.dallasnews.com/arts-entertainment/visual-arts/2021/11/23/steam-smoke-storms-and-socio-political-change-a-spectacular-jmw-turner-show-at-the-kimbell/,"J.M.W. Turner show at Fort Worth Kimbell is a spectacle of steam, storms and sociopolitical change","FORT WORTH — As evidence that life imitates art, Oscar Wilde credited French impressionist painters for “those wonderful brown fogs that come creeping down our streets, blurring the gas-lamps and changing the houses into monstrous shapes … the lovely silver mists that brood over our river, and turn to faint forms of fading grace curved bridge and swaying barge. …
“People see fogs, not because there are fogs, but because poets and painters have taught them the mysterious loveliness of such effect",0,22,2021-11-23
ca37fcfb-4789-4f47-8d0a-db62638ce0b6,https://www.opb.org/article/2021/09/08/oregon-covid-19-restrictions-movie-theaters/,New COVID restrictions begin at select Oregon movie theaters - OPB,"Tom Ranieri has owned and operated Cinema 21 in Portland for nearly 40 years, but he’s never seen audiences like the ones earlier this summer.
“There was such a pent-up demand for watching movies that our July was an incredibly strong month for us,” Ranieri says.
But following the spread of the delta variant, Ranieri says things changed dramatically as hesitant moviegoers stayed home.
“We saw grosses go way down again,” he says of the financial impact. “And to be totally honest, we’re concerned ",0,22,2021-09-08
59d8434d-8b0a-428b-9874-f8635876753f,https://www.fox5dc.com/news/amtrak-crash-scrambles-commutes-across-northeast-corridor,Amtrak crash scrambles commutes across Northeast Corridor,"By JESSICA GRESKO
Associated Press
The crash choked Amtrak's Northeast Corridor, which carries more than 750,000 passengers a day between eight states and the District of Columbia, on Amtrak and eight commuter rail lines.
Amtrak warned there would be no service until further notice between Philadelphia and New York, and that service elsewhere in the region would have to be modified. Most commuter railroads in the Northeast were operating normally, although many lacked the usual Amtrak connection",0,22,2015-05-13
4cfc6515-448f-497e-9185-2d0a31a6e50e,https://abcnews.go.com/amp/GMA/Books/raquel-welchs-cleavage/story?id=10242539,Read Excerpt: 'Beyond the Cleavage' by Raquel Welch - ABC News,"March 31, 2010 — -- In ""Beyond the Cleavage,"" Raquel Welch, the icon of a generation, looks back on her life from growing up in California and bursting onto the scene in ""One Million B.C."" to a failed marriage to becoming a single mother and, at last, becoming a famous actress.
Check out an excerpt of the book below, then head to the ""GMA"" Library for other great reads.
Behind the Myth
CONTRARY TO POPULAR MYTH, I DIDN'T JUST hatch out of an eagle's nest, circa One Million Years B.C., clad in a d",0,22,2009-04-12
cfb43c69-bf5c-403c-aa91-1ed90b09cce9,https://kuow.org/stories/dead-cattle-more-that-could-become-sick-or-hungry-grim-stories-leak-out-of-whatcom-and-skagit-coun,"KUOW - Dead cattle, more that could become sick or hungry, grim stories leak out of Whatcom and Skagit counties","Dead cattle, more that could become sick or hungry, grim stories leak out of Whatcom and Skagit counties
Chris Sybrandy, a dairy farmer in Skagit County in northern Washington, says he recently helped haul more than 40 dead animals out of barns for his friends nearby.
“I made a decision that I needed to help them take their cows out, so they didn’t have to take their own animals out,” Sybrandy says. “Having raised these cows from babies, I didn’t want them to have to take them out themselves.”
T",1,22,2021-11-23
5aa0ce73-71f7-4040-98d2-d3869ddbf12c,https://www.opb.org/article/2021/10/20/oregon-wildfires-cleanup-secretary-of-state-odot-logging-tree-removal/,"ODOT can learn from missteps in massive post-wildfire logging job, auditors find - OPB","Oregon Secretary of State auditors found the Oregon Department of Transportation can learn from its troubled experience overseeing the largest wildfire cleanup job in state history.
Auditors did a limited review of the state’s post-wildfire hazard tree removal operation at ODOT’s request after an outpouring of public concern over the extent of the trees being tagged for removal and cut down.
In an advisory report released Wednesday, seven state auditors reviewed the lessons learned in the extens",0,22,2021-10-20
8394ef38-e02d-4c59-84dc-af3622f6e996,https://www.wxyz.com/lifestyle/holiday/black-friday/black-friday-and-cyber-monday-airline-flight-deals,Cyber Monday airline flight deals,"Black Friday and Cyber Monday shopping lists usually include electronics, toys or clothing, but airlines are also getting shoppers' attention through the Thanksgiving holiday weekend with deals on flights.
What some U.S.-based air carriers are offering:
Alaska Airlines
-- Alaska's Black Friday and Cyber Monday flight deals won't be announced until Friday (CLICK HERE FOR INFO). Follow them on Twitterfor any deal announcements.
Delta Airlines
-- As of Thanksgiving Eve, only one specific deal appea",0,22,2017-11-23
8c9b8f4d-3ac8-4de4-83c3-72a9df7964f9,https://www.cpr.org/2019/01/08/transcript-read-colorado-gov-jared-polis-entire-2019-inauguration-address/,Transcript: Read Colorado Gov. Jared Polis’ Entire 2019 Inauguration Address | Colorado Public Radio,"Hart Van Denburg/CPR News
It's official. Former Gov. John Hickenlooper has left the Colorado governor's office, and Gov. Jared Polis has taken his place.
The state's next Democratic governor was sworn in on the steps of the Capitol in Denver, Tuesday morning, Jan. 8, 2019. Polis is the first openly gay man elected to lead a state.
Full Transcript
The 2019 inaugural address by Gov. Jared Polis, as prepared for delivery on the steps of the state Capitol Tuesday, Jan. 8, 2019. My fellow Coloradans:",0,22,2019-01-08
365f9b3f-94ed-4b03-a9e6-6ddfb30f8160,https://www.wfaa.com/article/news/camp-fire-death-toll-rises-to-29-matches-deadliest-in-california-history-updates/287-613434881,"Camp Fire: Death toll rises to 29, matches deadliest in California history | Updates | wfaa.com","11 p.m. update:
As wildfires continued to rage on both ends of California, officials released another grim statistic: six more dead in a swath of Northern California wiped out by fire, raising the death toll there to 29. It matched California's record for deaths in a single fire.
Another 228 remain unaccounted for as crews stepped up the search for bodies and missing people. Two people were killed in a wildfire in Southern California.
Ten search teams were working in Paradise — a town of 27,000 ",0,22,2026-05-11
b9d7e0bf-7cb8-47f3-9535-af4998e1dd7f,https://abc7chicago.com/loop-link-chicago-lin-cta/1122584/,Loop Link set to launch on Sunday  - ABC7 Chicago,"CHICAGO (WLS) -- Commuting across the Loop is about to get much faster when the Loop Link program launches next Sunday.
You may have seen these red-colored lanes popping up on Madison, Washington, Clinton and Canal streets.
Starting next week, these will be ""bus-only"" lanes for rapid-transit buses that hook up with Metra and CTA train stations.
The city says the program should cut travel times between Michigan Avenue and the West Loop in half.",0,22,2015-12-15
df2a79af-154f-4a27-990a-05dcf8969163,https://www.opb.org/news/article/northwest-coastal-wetlands-wont-survive-high-sea-level-rise/,Northwest Coastal Wetlands Won't Survive High Sea Level Rise - OPB,"Over the next century, sea level rise is expected to wreak havoc on the U.S. coastlines – and a new analysis shows that the Northwest is not immune. Nearly all coastal wetlands in Oregon, Washington and California will be swamped at the highest predicted sea level change.
Sea level rise is a byproduct of climate change. It happens as the world’s oceans warm and physically expand. Melting glaciers and ice sheets are also contributing.
New research from the U.S. Geological Survey gives the first e",0,22,2018-02-22
662caead-08df-44cc-b134-e23c939380b5,https://abc11.com/101-freeway-chp-california-highway-patrol-rain/2924071/,Santa Barbara County flooding death toll rises to 15; search for missing continues - ABC11 Raleigh-Durham,"Santa Barbara County Fire Department officials confirmed the number of fatalities rose from 13 to 15 overnight.
The fatality figure could increase as at least two dozen people were considered still missing as search-and-rescue efforts continued.
""While we hope it will not, we expect that this number will increase as we continue to look for people who are still missing and unaccounted for,"" Santa Barbara County Sheriff Bill Brown said.
Details of the circumstances were not immediately disclosed. ",0,22,2018-01-10
425b548b-972e-4715-9e33-685ba2392b7b,https://www.kplctv.com/2021/06/14/fema-reimburse-city-lake-charles-465-million/,FEMA to reimburse City of Lake Charles $46.5 million,"FEMA to reimburse City of Lake Charles $46.5 million
Lake Charles, LA (KPLC) - Four and a half million cubic yards of debris — that is about 300 thousand dump trucks worth.
And it is how much the city of Lake Charles has picked up after Hurricane Laura.
“Our current estimate for debris removal — 4.3 cubic million yards of debris is around $90 million. Monitoring is another six to $7 million,” said Karen Harrell, the Lake Charles Director of Finance.
While the first 30 days of that debris pickup ",0,22,2021-06-14
9858f3d8-60a4-4595-85cf-e7ebb3e0da93,https://abcnews.go.com/author/Lindsay_Goldwert,Lindsay Goldwert News Stories and Articles,"Lindsay Goldwert News Stories and Articles

Lindsay Goldwert

Lindsay Goldwert

Refine

By Type

Stories (96)
Blogs (0)
Videos (0)
Photos (0)
Recipes (0)
By Date
Today (0)
Last 7 days (0)
More Options
By Show or Section
Section
Shows

News Published by Lindsay Goldwert

META SEARCH RESULTS HERE

Results 1 - 10 of 96 for byline:Lindsay Goldwert

previous

||

next

Sort by:

Relevance

|

Most Recent

|

Oldest

Ray Clark Stays Quiet During Hearing for Annie Le Murder Case

By Emily Friedman, Daw",0,22,2026-05-11
10a4a4e6-bf9c-4f25-863e-c3003fcd6cc6,https://abc7.com/financial-markets-wall-street-trump-covid-donald/6712255/,Trump COVID-19: Stocks end bumpy day lower after Trump's positive coronavirus test - ABC7 Los Angeles,"The S&P 500 slumped 1.7% as soon as trading began, only to churn through another turbulent session. By the end of the day, it had trimmed its loss to 1%, down 32.38 points at 3,348.42. Despite the drop, most of the stocks in the index were higher, and the S&P 500 still managed to close out its first winning week in the last five.
The paring of losses came as optimism rose that Washington may be able to get past its partisanship to deliver more support for the economy. House Speaker Nancy Pelosi ",0,22,2020-10-02
e61107a5-c26c-45a2-8341-e7dc95399774,https://www.chicagotribune.com/news/ct-xpm-2013-10-09-sns-rt-us-usa-egypt-aid-tanks-20131009-story.html,"U.S. withholds some military, economic aid for Egypt – Chicago Tribune","WASHINGTON (Reuters) - The United States said on Wednesday it would withhold deliveries of tanks, fighter aircraft, helicopters and missiles as well as $260 million in cash aid from Egypt's military-backed government pending progress on democracy and human rights.
The decision, described by U.S. officials, demonstrates U.S. unhappiness with Egypt's path since its army on July 3 ousted Mohamed Mursi, who emerged from the Muslim Brotherhood to become Egypt's first democratically elected leader las",0,22,2013-10-09
5dc0525c-0fbf-4665-8650-8ae44d14b73f,https://www.nydailynews.com/coronavirus/ny-covid-cdc-vaccinated-people-face-masks-20210727-qijobvf7hvcthpohmfnzjjjg7i-story.html?utm_source=onesignal&utm_medium=notification&utm_campaign=2021-07-27-CDC-urges-masks,CDC: Vaccinated people should wear masks indoors in parts of U.S. with ‘substantial’ COVID spread - New York Daily News,"The masks are back.
Even fully vaccinated people should wear face masks indoors under revised public health guidance rolled out by the Centers for Disease Control and Prevention on Tuesday amid growing concern over the extremely contagious delta variant of COVID-19.
The new CDC guidelines — which reverse a policy from just two months ago — recommend that parts of the U.S. with “high or substantial” coronavirus transmissibility rates reinstate mask mandates for public indoor settings, like grocer",0,22,2021-07-27
18456c94-4bb9-4f6b-a6ab-63623e0ec1f4,https://www.nbc12.com/2021/07/21/nasa-chief-explores-top-space-issues/,NASA chief explores top space issues,"NASA chief explores top space issues
WASHINGTON (Gray DC) - As scientists venture deeper into the mysteries of space, new NASA chief Bill Nelson weighs in on what it’s like being at the center of these breakthroughs.
From traveling into space as a congressman in the 1980s, to serving in the U.S. Senate with a focus on space issues, now he gushes about this latest journey, putting political life aside to lead NASA through the next chapter of celestial exploration.
“Well, I feel like a kid in a ca",0,22,2021-07-21
b95ac4d4-c1c3-43bf-bed4-44e551b7e122,https://www.mprnews.org/story/2008/08/11/pilotsvote,"Delta, NWA pilots approve new contract | MPR News","Pilots at Delta Air Lines and Northwest Airlines have approved a joint collective bargaining agreement.
Ratification of the agreement has been a key element of Delta's efforts to achieve a smooth integration of the two companies when it acquires Northwest later this year.
Delta's pilots union issued a statement detailing the results Monday, the deadline for rank-and-file pilots of both airlines to vote.
Northwest spokeswoman Tammy Lee says the merger should go a lot more smoothly with the contra",0,22,2008-08-11
fc721315-5a33-4e20-a219-958c37f29d8c,https://grist.org/article/2009-05-05-u-s-pledges-something-or/,U.S. pledges something or other on climate | Grist,"Photo: circulating via FlickrToday U.S. negotiators promised “ambitious actions,” “robust targets,” and pretty much nada details in a proposal overdue to the UN Framework Convention on Climate Change.
The paper suggests a structure for the international climate treaty to be hashed out in Copenhagen this December—something the UNFCC had requested from participating nations by April 24, a deadline many countries missed.
“The United States supports a Copenhagen agreed outcome that recognizes the ma",0,22,2009-05-06
a135ee2b-e43d-452d-b9c7-5a1b6c56141a,https://www.kuow.org/stories/6-tips-for-coping-with-covid-anxiety-this-fall-and-winter,KUOW - 6 Tips For Coping With COVID Anxiety This Fall And Winter,"6 Tips For Coping With COVID Anxiety This Fall And Winter
As the days get shorter and nights longer, the delta variant of the coronavirus is still very much with us, sad to say. It's already clear the next couple of seasons won't be the ""life as usual"" we all hoped for.
""People have a lot of frustration. People have been doing this a long time, and they thought by now things would be in a different position,"" says Vickie Mays, a psychology professor at the University of California, Los Angeles.
",0,22,2021-09-05
cf463a22-39a8-4458-8cc9-72378612bc1e,https://www.wcnc.com/article/news/health/coronavirus/coronavirus-numbers/covid-19-surge-trends-data-north-carolina-south-carolina/275-368279ac-635b-4245-95ec-003f20864c65,"As COVID-19 surge eases in the Carolinas, what's next? | wcnc.com","CHARLOTTE, N.C. — After a late summer COVID-19 surge in the Carolinas, viral metrics are, once again, on the decline, prompting the million-dollar question: Are we turning the corner in this pandemic?
Health officials and doctors say the answer is complicated.
Dr. David Priest, an infectious disease specialist with Novant Health, reminds there are several wildcard factors, but coronavirus variants and vaccination rates rise to the top of the list. Right now, the delta variant reigns supreme in U",0,22,2026-05-11
e43bdd10-e3ee-4018-8d86-e27a557f7f14,https://www.wthr.com/article/news/local/search-for-missing-6-year-old-boy-continues/531-465eed85-2431-411c-923e-5725c813ea93,Search for missing 6-year-old boy continues | wthr.com,"COLUMBUS, Ind. (WTHR) - Rescue crews are searching the Flatrock River in Bartholomew County for a missing 6-year-old boy.
They suspended the search late Thursday and began the search again Friday morning.
An Indiana Department of Natural Resources spokesperson said the child was swept away at 3:00 p.m. while playing in the river with his mother, siblings and older cousin.
The little boy’s grandfather told Eyewitness News the child’s name is Brendan Sperry, who just finished kindergarten. Brendan",0,22,2026-05-11
8535c6e8-5fad-4970-b4cf-faae5873567c,https://www.detroitnews.com/story/news/local/detroit-city/2019/03/18/duggan-traffic-camera-plan-sparks-privacy-concerns/3150061002/,Police surveillance expansion plan splits Detroiters,"Police surveillance expansion plan splits Detroiters
Detroit — City and police officials want to emulate Project Green Light at Detroit's red lights, although critics are holding up a stop sign.
Mayor Mike Duggan said he wants police to be able to tap into video from cameras mounted on city traffic lights to investigate crimes — a concept that draws from Project Green Light, which police say has helped deter crime by allowing police to monitor real-time video feeds from gas stations, restaurants",0,22,2019-03-18
0768fb12-16dc-4579-b067-90b9c9361d13,https://www.dallasnews.com/arts-entertainment/2016/10/26/are-you-eating-your-weeds-put-these-wild-plants-on-your-plate/,Are you eating your weeds? Put these wild plants on your plate,"In all the talk about farm-to-table, nose-to-tail, grass-fed, cage-free, pastured food, you might not have heard of a quieter, wilder side of the local food movement.
Foraging, the art of finding edible plants in the wild, is trending, but it’s obviously nothing new.
Mark ""Merriwether"" Vorderbruggen of Houston is the author of Idiot's Guides: Foraging, which was released earlier this year, as well as foragingtexas.com. He's been foraging since he was a child and teaches foraging classes througho",0,22,2016-10-26
3875aeaa-0044-459d-9483-639983a74cc5,https://abc7news.com/maria-hurricane-where-is-dominica/2435713/,PHOTOS: Hurricane Maria pummels the Caribbean - ABC7 San Francisco,"Hurricane Maria slammed into Puerto Rico as a ""potentially catastrophic"" Category 4 storm that was set to become the most powerful to strike the US territory in almost 90 years.
On Monday, the storm ploughed into Dominica, St. Croix and the eastern Caribbean causing what Dominica's Prime Minister Roosevelt Skerrit called ""mind-boggling"" destruction.
See photos of the devastation above.
PHOTOS: Hurricane Maria pummels the Caribbean
1 / 19
People walk next to a gas station flooded and damaged by t",0,22,2017-09-20
261e5d7c-cc18-43a0-abf8-34feda2c8520,https://www.cpr.org/2019/01/23/how-are-southern-colorados-legislators-responding-to-trumps-proposal-to-end-the-shutdown/,How Are Southern Colorado’s Legislators Responding To Trump’s Proposal To End The Shutdown? | Colorado Public Radio,"On Saturday, President Donald Trump proposed a deal to congressional Democrats that would, among other items, protect recipients of the Deferred Action for Childhood Arrivals (DACA) program for three years in exchange for $5.7 billion to fund the border wall. Following that announcement, several Colorado lawmakers in the 91.5 KRCC listening area released statements about the proposal.
In a news release, Republican Senator Cory Gardner made the following statement:
""The government must be reopene",0,22,2019-01-23
5ed3d3fd-02a4-4711-bc1e-80c75ecb9d4b,https://www.nydailynews.com/autos/news/2017-american-car-chevy-takes-bolt-ev-national-article-1.3235289,"Daily Drive-Thru: The most American cars of 2017, Chevy Bolt goes national, first Honda Civic Type R at auction and more - New York Daily News","We're closing out this week with a bang here at the Daily News Autos section, coming at you with exciting developments for two of the most anticipated vehicles of 2017, our favorite road-trip cars and the most patriotic cars in America—and it's not even the Fourth of July.
Plus, we've got a pair of reviews about two small crossovers that are about as different from one another as their respective homelands: Sweden and Italy.
There's a decent amount of ground to cover and we all want to get on wi",0,22,2017-06-10
d9e9998b-50be-4529-819e-ccbf16ee0b2f,https://www.wusa9.com/article/news/nation-world/cdc-advisers-covid-booster-shots/507-0443a771-4b80-4a19-a883-22f848b5ea7e,CDC leader adds people with risky jobs to COVID booster list | wusa9.com,"The U.S. launched a campaign to offer boosters of Pfizer's COVID-19 vaccine to millions of Americans on Friday even as federal health officials stressed the real problem remains getting first shots to the unvaccinated.
“We will not boost our way out of this pandemic,” warned Dr. Rochelle Walensky, director of the Centers for Disease Control and Prevention — even though she took the rare step of overruling the advice of her own expert panel to make more people eligible for the booster.
The vast m",0,22,2026-05-11
7e25426d-aa8f-49bd-a314-daa562804312,https://www.sltrib.com/amplify-utah/2021/10/16/how-some-college-students/,How some college students are finding mental health support as they return to school,"This story is jointly published by nonprofits Amplify Utah and The Salt Lake Tribune, in collaboration with Salt Lake Community College, to elevate diverse perspectives in local media through student journalism.
As students headed back to campuses this fall, many carried the weight of the last 18 months on top of the stresses that come with a new academic year.
Talking through these issues with a licensed therapist early, mental health experts recommend, could stave off more serious issues for s",0,22,2021-10-16
5a4f35a7-bf92-4d50-9c47-e0a368c0e710,https://www.kuow.org/stories/photos-skagit-river-flooding-washington-2021,KUOW - PHOTOS: Flooding in Northwest Washington,"PHOTOS: Flooding in Northwest Washington
An atmospheric river causing heavy rainfall led to devastating flooding, landslides and power outages across Northwest Washington this week.
In the Skagit Valley area, homes and businesses remained surrounded by water on Tuesday.",1,22,2021-11-18
9ce086a9-17e6-4d59-a1ba-9b1330b1ebd0,https://weather.com/en-CA/canada/news/news/2018-02-13-tropical-cyclone-gita-american-samoa-tonga-forecast-impacts,"Tropical Cyclone Gita Hammers Tonga: 30 Injured, Homes Destroyed | The Weather Channel - Articles from The Weather Channel | weather.com","At a Glance
- Tongans are surveying the damage after powerful Tropical Cyclone Gita moved on.
- Home damage was widespread in the wake of the storm, according to emergency officials.
- At least 30 people were injured in Tonga, but no deaths have been confirmed.
- Emergencies have been declared in Tonga and American Samoa.
Tongans were expected to continue their recovery Wednesday morning from the powerful Tropical Cyclone Gita, which lashed the South Pacific nation with damaging winds and floodi",0,22,2018-02-13
b08041b9-c73f-4bcb-8940-af762f11a5bb,https://lasvegassun.com/news/2012/may/07/kentucky-derby-winner-ill-have-another-las-vegas/,Kentucky Derby winner I'll Have Another was 'worst-case scenario' for local book - Las Vegas Sun Newspaper,"David J. Phillip/Associated Press
Monday, May 7, 2012 | 4:30 p.m.
Immediately after riding I’ll Have Another to victory Saturday in the Kentucky Derby, jockey Mario Gutierrez gave a quote that secured a place in horse racing lore.
“I kept telling everybody, from the first time I met him, I knew he was the one,” Gutierrez told reporters. “I knew he was good.”
Gutierrez wasn’t the only one who knew it. A Las Vegas-based race and sports book discovered that the hard way when I’ll Have Another caugh",0,22,2012-05-07
878b3f71-0121-41af-942b-8a50783a17d5,https://www.ksl.com/article/46213403,Amy Madsen - Ellison Park Elementary | KSL.com,"Estimated read time: 3-4 minutes
This archived news story is available only for your personal, non-commercial use. Information in the story may be outdated or superseded by additional information. Reading or replaying the story in its archived form does not constitute a republication of the story.
My daughter, Mishell, was adopted from Ecuador 18 months ago at the age of 11. While Mishell did receive education at her orphanage, that was not the primary focus of her life as she was needed to help",0,22,2026-05-11
0e28b876-0c80-412e-b998-85a8417cab5b,https://www.wftv.com/news/florida/changes-coming-florida-unemployment-benefits-many-floridians-still-owed-locked-out/KV6GOIVVLVB7HE4W7EFNU7T4QE/,"Changes coming to Florida unemployment benefits, many Floridians still owed and locked out – WFTV","Florida announced it will soon stop providing additional federal unemployment benefits. That supplement adds up to $300 a week for people collecting unemployment.
The change will go into place on June 26 as part of the state’s push for people to return to work.
Those federal benefits are going away at a time when 9 Investigates learned many Floridians still aren’t receiving payments they’re owed.
In an effort to cut down on fraud, the Department of Economic Opportunity (DEO) made the verificatio",0,22,2021-05-24
52843dc2-fcb7-4b7e-84fd-5f4e54bfaa38,https://www.theadvocate.com/acadiana/entertainment_life/jan_risher/article_d4039c12-2dfe-11ec-8a41-7b2803d85c04.html,Saying yes and unexpected Sunday adventures are good for the soul | Jan Risher | theadvocate.com,"When my friend David D’Aquin texted me around 10 a.m. Sunday morning, he asked what I had going on. Having just finished one semester of grad school two days earlier and about to start a new semester the next day, I told him that it was my first day off in a while and I was thinking about going metal detecting.
I asked, “Would you like to join me?”
He said, “Yes,” as he often does.
Saying yes cannot be underrated.
I then asked if he had access to land where we could get permission to go — or did",0,22,2021-10-15
979f87a2-6629-47b5-b5ff-759e57e8174e,https://grist.org/article/2010-05-06-use-of-toxic-chemical-dispersants-to-fight-the-oil-spill-a-murky/,Chemical dispersants being used in Gulf clean-up are potentially toxic | Grist,"(U.S. Coast Guard photo)We finally know the main two dispersants that BP and the U.S. government are using to treat the ongoing Gulf spill. Both, by their maker’s own admission, have the “potential to bioconcentrate,” and both have “moderate toxicity to early life stages of fish, crustaceans, and mollusks,” according to a study by Exxon, the company that originally developed them. Their use may be the least-bad course, given the importance of minimizing oil’s effect on coastal wetlands. But a li",0,22,2010-05-06
4376deb4-5fc7-4e9a-ab07-588459cdb33c,https://www.orlandosentinel.com/author-all/orlnews-chris-hays-20130507/150/,Orlando Sentinel - Orlando Sentinel,"Chris Hays
909 stories by Chris Hays
- TJ Bullard, the son of Thaddeus Bullard, a former Gators defensive end and short-time NFL player who became WWE star Titus O’Neil after his football career, commits to play football at UCF.
- The visit by the 6-foot-2, 250-pound defensive end from Lake Nona could be one of the most important “unofficial” visits of the summer for UCF recruiting,
- Even at 5-foot-7 and 160 pounds, Timber Creek senior receiver Ryan Campbell is one of the best receivers in Cent",0,22,2026-05-11
737a9620-4e55-4b08-b1e2-4e5f911a2d97,https://www.accuweather.com/?utm_source=wainuiomatabmx-com&utm_medium=oap_weather_widget&utm_term=link_get_widget_footer&utm_content=accuweather&utm_campaign=current,"Local, National, & Global Daily Weather Forecast | AccuWeather","Where's the snow? Early-December US snow coverage lowest in 18 years
If you think 2021 is feeling warmer and less snowy than usual, you're not alone. Take a look at how the snow depth map compares to recent years.
Blizzard warnings issued for parts of Hawaii
A vigorous storm system known as a Kona low is expected to bring a widespread flood threat to the drought-stricken islands, while also blasting the highest elevations of the Big Island with snow and winds up to 100 mph.
AccuWeather's white C",0,22,2026-05-11
e2e95365-5d8a-4779-ba72-e3229bf268d0,https://www.kare11.com/article/news/verify/coronavirus-verify/covid-19-booster-shot-fully-vaccinated-eligible-starting-september/536-9f5af0c6-ef8f-46c9-a2ac-0bfe0f91f543,"Am I eligible for COVID booster shot? Yes, you are now | kare11.com","UPDATE (11/19/21): On Nov. 19, the FDA authorized COVID-19 booster shots for all individuals 18 and older. The story below appears as originally published.
On Aug. 13, the FDA authorized an additional COVID-19 dose for immunocompromised people who received either the Pfizer or Moderna mRNA vaccines in an effort to help boost their immune responses to the COVID-19 virus as the highly transmissible delta variant spreads across the United States.
Health officials told VERIFY that additional dose is",0,22,2026-05-11
0b3184e6-ccb3-4911-b6dc-44a2277d6f17,https://www.ksl.com/article/1936180/university-of-utah-celebrates-as-professor-wins-nobel-prize,University of Utah Celebrates as Professor Wins Nobel Prize | KSL.com,"Estimated read time: 4-5 minutes
This archived news story is available only for your personal, non-commercial use. Information in the story may be outdated or superseded by additional information. Reading or replaying the story in its archived form does not constitute a republication of the story.
AP Photo/Douglas C. Pizac
Ed Yeates Reporting
The international spotlight fell on Utah in a big way Monday! A University of Utah researcher was awakened in the wee hours of the morning by a phone call ",0,22,2026-05-11
130a8a2f-29de-4141-a4e1-6e2ac4653baf,https://kstp.com/minnesota-news/recent-rainfall-helps-improve-greenwood-fire-conditions-northern-minnesota-wildfires/6221719/,Recent rainfall improves Greenwood Fire conditions | KSTP.com,"Photo: KSTP.
Photo: KSTP.
After a weekend where heavy rainfall was seen in spots across Minnesota, the Greenwood Fire's condition in the Superior National Forest has improved, according to the United States Forest Service.
Significant rainfall of 1½ to 2 inches over the fire area on Friday and Saturday helped crews improve firelines, extinguishing hot embers along the fire's edge. As of Monday, the fire's size has remained the same, ranging at 25,991 acres (or over 40 square miles). The fire is ",0,22,2021-08-30
640d4c77-c7ae-4ad0-9330-74125a822d0c,https://www.wsfa.com/2020/04/20/damage-reports-coming-south-alabama-storms/,"1 dead, widespread damage in south Alabama after overnight storms","1 dead, widespread damage in south Alabama after overnight storms
MONTGOMERY, Ala. (WSFA) - Damage assessments and cleanup operations are underway across multiple south Alabama counties after severe weather, including a possible tornado, swept across the state Sunday night.
Multiple counties are reporting damage including Pike, Covington, Coffee, Houston, Henry and Barbour counties.
This story focuses on damage from Sunday evening. For information on Sunday morning’s storms and damage, CLICK HER",0,22,2020-04-21
148e855e-06ce-433d-a7e0-e59962228ca6,https://www.wsmv.com/news/us_world_news/actress-lili-bernard-files-lawsuit-against-bill-cosby-alleging-he-drugged-and-raped-her/article_da37fd7e-8ae7-5869-9ea2-463ec0bc1b4b.html,Actress Lili Bernard files lawsuit against Bill Cosby alleging he drugged and raped her | US World News | wsmv.com,"(CNN) -- Actress Lili Bernard filed a lawsuit against Bill Cosby on Thursday, alleging he drugged and raped her in Atlantic City in or around August 1990, according to court documents.
In her lawsuit, Bernard alleges that she met the comedian on the set of ""The Cosby Show"" and that in July 1990 he offered to be a mentor for her acting career. It adds that Cosby asked her detailed questions about her life and told her he would view her as if she were his own daughter, and warned her of ""the sexua",0,22,2021-10-14
b6a3a20c-c5ca-479d-b0ba-4aead11b238e,https://www.tmj4.com/decodedc/2016-election-roundup-nothing-is-certain-in-this-year-of-uncertainty,2016 election roundup: Nothing is certain,"If this were a remotely normal election year, it would be over.
All of the data now points to a landslide victory for Hillary Clinton.
Unpredictable, however, has beaten predictable all year. The predictors are paranoid, as well they should be. The most unpredictable variable of all —Donald Trump — has been spinning into a deeper and deeper hole, but that doesn’t mean he’ll stay there.
The RealClearPolitics average of national polls gives Clinton a 6.2-point lead head-to-head against Trump and a",0,22,2016-10-14
a5014171-7897-42dd-af98-0178737710b1,https://www.politico.com/agenda/story/2018/01/12/the-real-people-behind-trumps-shithole-comment-000618/,The real people behind Trump's 'shithole' comment,"When word leaked out of President Donald Trump’s reference to “shithole countries” in a meeting with lawmakers this week, it immediately swamped news coverage of immigration, giving a racially tinged spin to an issue that was already loaded politically. It also crowded out discussion of a real decision he made earlier this week that affects real people.
Earlier this week, the Department of Homeland Security announced that it was revoking a special immigration status for some 200,000 Salvadorans ",0,22,2018-01-12
08b36699-d0b2-49be-9886-55d6e2c84fda,https://www.foxnews.com/auto/gm-ceo-barra-coronavirus-autonomous-electric-car-plans,GM CEO Mary Barra says the coronavirus hasn't sidelined autonomous and electric car plans | Fox News,"The coronavirus hasn’t sidelined General Motors self-driving car plans.
Speaking during a ""fireside chat"" hosted by the Automotive Press Association, GM CEO Mary Barra said development on the automaker’s Cruise Origin autonomous ride-hailing vehicle has continued in recent months and that it is on track to launch a public service soon.
“It will be quicker than most people think right now, based on the technology advancements I’m seeing with the team,” Barra said, without offering a firm date.
Th",0,22,2020-06-16
edaa6916-3775-4304-9256-4fac9eddfb03,https://www.ajc.com/news/opinion/opinion-great-reporting-editing-yields-great-story/KLJlqgQnv02Sf1q2balDML/,"Opinion: Great reporting, editing yields great story","When she joined us for our writing initiative last year, we let Winburn take proposals from reporters and choose the stories to work on. One of her choices was a proposal by reporter Joshua Sharpe, who wanted to dig into a 35-year-old murder case in South Georgia that had resulted in a conviction two decades ago. The shooting of a beloved couple while they attended a mission meeting at Rising Daughter Baptist Church in Camden County had been investigated off and on for more than three decades. I",0,22,2020-05-24
0bf33082-588b-4a22-b2fe-fbdfdccbc201,https://www.tampabay.com/sports/bucs/2021/02/06/dog-lovers-football-fans-gather-to-support-veterans-ahead-of-super-bowl-55/,Dog lovers stroll through Tampa to support veterans before Super Bowl 55,"TAMPA — After being medically discharged from the Marines following an injury in 2004, BJ Ganem went through a divorce, bankruptcy and a growing drinking problem, what he describes as some of the most difficult parts of his life.
Through it all, one thing kept him going before he eventually turned his life around: adopting Dozer, an Olde English Bulldogge puppy.
“In the darkest moment, I knew that if I did anything desperate, nobody would want that dumb dog,” Ganem told the crowd.
His own experi",0,22,2021-02-06
52dfa371-036c-4da4-a3e6-bae5f95812ca,https://www.wpxi.com/news/top-stories/duquesne-university-football-player-dies-after-falling-16-floors-from-residence-hall/847091839/,Duquesne University football player dies after falling 16 floors from residence hall – WPXI,"PITTSBURGH — A Duquesne University football player died after he fell from a 16th-floor window in a residence hall Thursday night, officials said.
Duquesne University President Ken Gormley identified the man as Marquis Brown, a junior in the McAnulty College of Liberal Arts from Washington, D.C.
Pittsburgh police were called about 10:30 p.m. to Brottier Hall, where campus police had responded to an altercation on the 16th floor. As campus police were on scene, Brown fell out of a window, police ",0,22,2018-10-05
fccda430-bf3d-4efa-a98a-c785f9212a93,https://kstp.com/coronavirus/covid-19-and-pregnancy-women-regret-not-getting-the-vaccine/6274305/?cat=1,COVID-19 and pregnancy: Women regret not getting the vaccine | KSTP.com,"Photo: AP Photo/Kim Chandler.
Photo: AP Photo/Kim Chandler.
The Associated Press
Updated: October 19, 2021 01:47 PM
Created: October 19, 2021 01:42 PM
Sometimes when she's feeding her infant daughter, Amanda Harrison is overcome with emotion and has to wipe away tears of gratitude. She is lucky to be here, holding her baby.
Harrison was 29 weeks pregnant and unvaccinated when she got sick with COVID-19 in August. Her symptoms were mild at first, but she suddenly felt like she couldn't breathe. L",0,22,2021-10-19
f7a55201-d3f7-48e7-9b6c-6e8edab37116,https://www.kuow.org/stories/big-floods-a-dress-rehearsal-for-a-hotter-climate,KUOW - Big Northwest floods a ‘dress rehearsal’ for a hotter climate,"Big Northwest floods a ‘dress rehearsal’ for a hotter climate
This week’s intense rainfall and flooding in northwestern Washington state and British Columbia offer a glimpse into the future, climate scientists say.
An atmospheric river – a massive conveyor belt of moisture from the subtropical Pacific Ocean – funneled a month’s worth of rain onto Whatcom County and southern British Columbia in a day or two.
Climate scientists say the Northwest should expect and prepare for more of the same, and ",1,22,2021-11-18
000c8bee-2e00-4d78-a66f-cf9b3ef71de5,https://www.nbc12.com/2020/03/24/be-careful-when-you-donate-money-toward-coronavirus-causes/,Be careful when you donate money toward coronavirus causes,"Be careful when you donate money toward coronavirus causes
Charity Scam warning
RICHMOND, Va. (WWBT) - A lot of us are wondering how we can help during this crisis. Donating to a charity is a great way to do this, but you also have to be really careful. Experts and federal agencies are all sending out alerts about pop-up, FAKE, charities.
Here’s how to keep people from taking advantage of your generosity. If there’s a hurricane or a tornado, or yes, a pandemic like coronavirus, we feel compelled",0,22,2020-03-25
4913e4d0-1d04-4f0c-8a0e-0c32c8f7fe6f,https://www.wcnc.com/article/news/health/coronavirus/vaccine/cdc-panel-mixing-matching-covid-vaccines-moderna-johnson-and-johnson/507-c01adb49-1349-4c99-b8db-1b20caad6537,"Moderna, J&J vaccine boosters OK'd by CDC panel | wcnc.com","WASHINGTON — Millions more Americans can get a COVID-19 booster and choose a different company’s vaccine for that next shot, federal health officials said Thursday.
Certain people who received Pfizer vaccinations months ago already are eligible for a booster and now the Centers for Disease Control and Prevention says specific Moderna and Johnson & Johnson recipients qualify, too. And in a bigger change, the agency is allowing the flexibility of “mixing and matching"" that extra dose regardless of",0,22,2026-05-11
e3b23a71-8f15-4098-a68b-e7b585fc3fea,https://insideclimatenews.org/news/13042020/great-barrier-reef-coral-bleaching-great-ocean-global-warming/,Latest Bleaching of Great Barrier Reef Underscores Global Coral Crisis - Inside Climate News,"Coral reef bleaching has become more widespread, frequent and lethal in the last two decades, draining the color and life out of underwater coral gardens around the planet and leaving behind huge swaths of sea bottom spiked with ghostly reef skeletons.
Throughout the 2000s, grim reports of crumbling, pale corals multiplied, arriving from remote South Pacific atolls, the Indian Ocean, the Red Sea and, once again this year, from Australia’s Great Barrier Reef, where the overheated Pacific Ocean sc",0,22,2020-04-13
7f78da97-79db-45e2-81c0-8f22bf324b7f,https://buffalonews.com/news/local/government-and-politics/india-walton-campaign-stirs-up-interest-from-afar-among-liberal-democrats-and-socialists/article_c197c5ea-db41-11eb-9bb2-b3e1ec35cafe.html,India Walton campaign stirs up interest from afar among liberal Democrats and socialists | Buffalo Politics News | buffalonews.com,"ALBANY – On primary night on June 22, Democratic insiders in the five boroughs of New York City were anxiously awaiting returns from crucial campaign contests for mayor of New York and City Council posts.
Not Queens resident Zohran Mamdani, or many other left-leaning Democratic insurgents like him who are among a new breed of activists occupying the furthest left of an already leftward-leaning party in the Empire State.
Instead, their eyes, as self-identified Democratic socialists, were watching",0,22,2021-07-06
c56d874c-a81f-4fa1-b87a-91287a2fdbf0,https://www.opb.org/article/2021/11/25/1-wa-county-s-flood-losses-could-hit-50m-more-rain-coming/,Northwest Washington flood losses could hit $50M; more rain coming - OPB,"Damages from flooding last week in Northwest Washington’s Whatcom County could reach as high as $50 million, officials said, as forecasters warn that multiple “atmospheric rivers” may drench the Pacific Northwest in the coming days.
The Bellingham Herald reports Whatcom County officials said at a briefing Tuesday that the damages for recent flooding were estimated at $15 million to $20 million for houses, ""tens of millions of dollars"" for public infrastructure and up to $20 million for area busi",1,22,2021-11-25
8c5907c8-f931-4857-b940-d5ca52e8da51,https://ktar.com/coronavirus/,Coronavirus - KTAR.com,"MANILA, Philippines (AP) — Measures used to counter the delta variant should remain the foundation for fighting the coronavirus pandemic, even in the face of the new omicron version of the virus, World Health Organization officials said Friday, while acknowledging that the travel restrictions imposed by some countries may buy time. While about three dozen […]
While all eyes are on the new and little-understood omicron variant, the delta form of the coronavirus isn’t finished wreaking havoc in th",0,22,2020-03-05
d838879b-35e0-47ac-8fc5-e4d741ae946f,https://www.katc.com/homepage-showcase/high-water-threatening-homes-along-bayou-cortableau,High water threatening homes along Bayou Courtableau,"A few miles east of Port Barre off highway 190 is a flooded Cypress view lane. It's a sight that some who live along Bayou Courtableau say isn't usually an issue.
""Maybe three times within 45 years"" Sidney Ryder says he grew up there.
Ryder says over the last week the bayou has slowly creeped up, now only inches away from he and his neighbors homes.
""it just hasn't stopped, its been climbing."" He said.
We spoke with Donald Sagrera, the executive director of the Teche-Vermilion fresh water distri",0,22,2019-07-22
19d7ebed-4345-4f02-be7b-6f1964b319c9,https://www.orlandosentinel.com/business/os-bz-nsf-florida-keys-tourism-reopen-20170925-story.html,"Florida Keys hurry tourism reopening efforts, Oct. 1 being goal - Orlando Sentinel","TALLAHASSEE — Florida Keys tourism officials said Monday they will meet Gov. Rick Scott's Oct. 1 deadline to reopen to visitors after Hurricane Irma pounded Monroe County.
The announcement, which came shortly before the governor was scheduled to meet with Monroe County officials in Marathon, followed the first cruise ship docking Sunday in the Port of Key West.
However, as recovery efforts continue in parts of Marathon and the Lower Keys, not everything is expected to be open when tourists can a",0,22,2017-09-25
f6148c9b-947e-4754-9cc2-a84616fc1a8e,https://www.wpxi.com/news/proud-to-be-from-pittsburgh/october-tornado-outbreak-flattened-kennel-that-housed-dogs-kids-with-special-needs/MBB54T3375DZVBV34HY754NREM/,October tornado outbreak flattened kennel that housed dogs for kids with special needs – WPXI,"WASHINGTON COUNTY, Pa. — The tornados in southwestern Pennsylvania in October flattened a kennel that housed dogs for kids with special needs. Families who have benefitted from the group are now trying to help them out.
“I realized this is bad,” said Steve Kiray. “If my dogs were running free out of the kennel, this is bad.”
As Kiray, owner of K9s for Kids, made his way further onto his property in Washington County he saw his kennels.
“(They were) mangled like a twist tie on a loaf of bread,” s",0,22,2021-11-19
3e4168ed-5908-45c7-84cd-9e5d5c2f89a6,https://abc7chicago.com/american-idol-abc-reality-television-singing-competition/3500457/,'American Idol' close to choosing winner with two-part finale - ABC7 Chicago,"LOS ANGELES -- The journey to find the next superstar came to a head in part 1 of the two-night season finale as the top three performed during a tight contest of ""American Idol.""
Round 1 saw the top three finalists visit their hometowns in Georgia, Pennsylvania, and Iowa to celebrate their time on the show. They later returned to the stage for their last chance to win America's vote.
Caleb Lee Hutchinson, Gabby Barrett and Maddie Poppe had their work cut out for them this round, performing thre",0,22,2018-05-21
c6489711-74c4-4fbe-ad18-4a40a9df232e,https://www.wcnc.com/article/news/health/coronavirus/vaccine/low-covid-booster-shot-demand-pfizer-authorization-winter-surge-breakthrough-cases/275-11a70844-cffd-494c-8f39-c0a9bae74cf9,"Not enough people are getting COVID-19 boosters, officials say | wcnc.com","CHARLOTTE, N.C. — Pfizer is pushing to get its COVID-19 booster shot authorized for all adults but so far, those who are currently eligible aren't rushing to get their third dose.
We're not seeing the same enthusiasm for COVID-19 booster shots as we did for the first rollout of the vaccine. Health officials say it could be a big problem.
Let's connect the dots.
The booster has been available for adults 65 and up since the end of September. According to the CDC, only 36% of seniors have received ",0,22,2026-05-11
383b1557-57e8-4d23-ba01-0fb7bb08128e,https://insideclimatenews.org/news/09042018/offshore-wind-renewable-energy-massachusetts-manufacturing-jobs-mandate-new-bedford-port-boston/,"To See Offshore Wind Energy’s Future, Look on Shore – in Massachusetts - Inside Climate News","As the U.S. enters the global offshore wind market in earnest, Massachusetts is a state to watch—on shore as well as off.
In a few weeks, the state will announce which among three proposed offshore wind projects it wants to move ahead. No matter which are chosen, Massachusetts wins.
That’s because more than a decade ago, the state began developing the onshore components for offshore wind, including a major offshore wind-ready port in New Bedford, a wind turbine blade testing center in Charlestow",0,22,2018-04-09
3edb5959-37f0-4948-a57d-bdbaaa093f31,https://time.com/24852/rep-charles-rangel-for-too-long-congress-has-ignored-infrastructure/,Harlem Gas Explosion: Rep. Charlie Rangel: We Must Invest in Infrastructure | Time,"When I first described as “our community’s 9/11” what we now know was a gas explosion, I was referring to the chaos and shock that resulted from the tragic incident that occurred in the heart of my beloved congressional district in East Harlem on Wednesday morning. While it was neither a terrorist attack nor comparable to 9/11 in scope and scale, the suffering from loss or injuries of loved ones has been as painful and horrific to the entire community where I was born and lived all my life. Stil",0,22,2014-03-14
eef61b70-e009-4c19-8061-9bd0470aabb0,https://www.wgrz.com/article/entertainment/dining/taste-of-buffalo-to-return-in-person-this-summer/71-33b89cf4-2afb-4480-9580-631c310887e2,Taste of Buffalo to return in-person this summer | wgrz.com,"BUFFALO, N.Y. — Last summer, the pandemic caused a Buffalo-favorite event to be put on pause. Buffalonians lost out on a weekend full of food and fun in Niagara Square.
But that changes in 2021: the Taste of Buffalo has announced its plans to return to its in-person format for this summer.
The food festival is being planned for July 10 and 11. Things will look different though, according to the all-volunteer Board of Directors for the festival. The festival will have multiple ticketed sessions h",0,22,2026-05-11
1b78990e-4187-45c9-8564-87f7c351f9a3,https://coloradosun.com/2019/03/06/colorado-avalanche-i70-mountains-roads/?utm_source=The+Sunriser&utm_campaign=fe0ae54247-SUNRISER-20190107_COPY_01&utm_medium=email&utm_term=0_24f7d21cdb-fe0ae54247-37447113&mc_cid=fe0ae54247&mc_eid=f4ccd88ea6,Colorado’s weekend snowstorm prompted avalanches in areas that hadn’t slid in decades. Here’s why.,"- Credibility:
Dramatic dashboard recordings over the weekend of avalanches along Interstate 70 between Frisco and Copper Mountain have stoked anxiety among Coloradans about the safety of the state’s high country roadways sitting beneath avalanche chutes.
But experts say the slides are the result of historic conditions that have been lining up for the entire snow season, setting off avalanches in areas that haven’t released so ferociously in decades.
The recent storm cycle — with another on the ",0,22,2019-03-06
765e8c0a-fbfb-4f48-b476-fc9d6e218202,https://www.fox10phoenix.com/news/10-students-driver-rescued-from-frederick-school-bus-stuck-on-flooded-road,"10 students, driver rescued from school bus as flooding creates havoc in Frederick County","FREDERICK, Md. - Ten students and the driver were rescued from a Frederick school bus after it became mired in flooding on Wednesday.
The bus was carrying students from Catoctin High School and Thurmont Middle School when it became overwhelmed with water in the area of Hessong Bridge Road and Blacks Mill Road.
The Frederick County sheriff’s office warns that the water is rising, creating dangerous conditions.
Todd Wivell said Frederick County Sheriff’s Office decided to turn all the school buses",0,22,2021-09-01
e9452730-1793-42a5-91d5-c7378b984645,https://time.com/2901684/amazons-fire-apple/,What Amazon's Fire Means for Apple | Time,"This post is in partnership with Fortune, which offers the latest business and finance news. Read the article below originally published at Fortune.com.
Nobody in their right mind is going to swap an iPhone for an Amazon Fire — a shopping machine that calls itself a phone, as Quartz’ Dan Frommer deftly put it.
That said, the smartphone unveiled by CEO Jeff Bezos in a Seattle warehouse Wednesday is a serious device that puts the business models of two tech giants in a new light.
“Apple and Amazon",0,22,2014-06-19
494a6fa7-55e5-4323-adef-2e93bfd20955,https://www.ktnv.com/news/national/humberto-strengthens-to-category-1-hurricane-after-moving-farther-east-into-the-atlantic,Humberto strengthens to Category 1 hurricane,"Humberto has been upgraded to a hurricane as it moves farther east into the Atlantic Ocean and away from land.
The Bahamas dodged the brunt of Humberto as it passed by Saturday with sustained winds around 70 mph, according to the National Hurricane Center.
The storm picked up speed as it moved away from the islands and strengthened into a Category 1 hurricane, with winds of 75 mph, Sunday night, the center said.
Hurricane Humberto is about 785 miles west of Bermuda and moving northeast at 3 mph,",0,22,2019-09-16
6e320177-0790-46ec-b1ad-67fbd31da650,https://www.katc.com/financial-fitness/how-should-i-travel-for-the-holidays,(How) should I travel for the holidays?,"Remember when we used to make plans? It was so long ago now you may not remember, but we actually used to start booking our holiday travel in the summer before prices rose to unaffordable levels. That’s right: We could predict what the world would be like months in advance back then.
Times have certainly changed; now, some travelers are starting to wonder whether and how to plan for the holidays. Does it make sense to buy plane tickets? What about using points and miles? And what are the chances",0,22,2020-09-10
c8d33aaa-6793-4497-a36c-f6922c3ce58c,https://www.9news.com/article/entertainment/events/9-things-to-do/9-things-to-do-in-colorado-feb-14-15-16-2020/73-63c82175-4815-4876-8ba4-3e1b078b20df,9Things to do in Denver and Colorado this weekend: February 14-16 | 9news.com,"COLORADO, USA — After a four-year absence, outdoor hockey returns to Colorado this weekend.
The Colorado Avalanche will host the Los Angeles Kings for an outdoor stadium game in Colorado Springs. Even if you don't have tickets to the big game, you can still attend a free fan festival or watch the game on 9NEWS. The Air Force Falcons and Colorado College Tigers will also compete at Falcon Stadium on Monday.
Several annual celebrations are back this weekend including Loveland's Sweetheart Festival",0,22,2026-05-11
53cd3535-6b5f-4523-889d-25e1d25c056d,https://abc7.com/sports/under-the-radar-concerns-for-seven-nba-title-contenders-including-/10992027/,"Under-the-radar concerns for seven NBA title contenders, including the Los Angeles Lakers and Brooklyn Nets - ABC7 Los Angeles","The superstar trio of Kevin Durant, James Harden and Kyrie Irving form the most-feared big three in the league. But that group played just 14 games together during the regular season and playoffs combined. Can they stay healthy throughout the entire season?
The Los Angeles Lakers, the current favorite to join Brooklyn in the Finals, face questions about their revamped yet ""veteran-heavy"" roster and the potential growing pains of introducing Russell Westbrook, Carmelo Anthony, Dwight Howard and R",0,22,2021-09-01
d351d682-fd03-4758-bbb3-94cb9cd74781,https://www.mprnews.org/story/2007/08/09/fedresponse,Bush cool to federal gas tax increase | MPR News,"Just one week after the deadly I-35W bridge collapse in Minneapolis, President Bush reacted coolly to a plan to raise the federal gas tax.
President Bush said Congress should reprioritize the way it spends highway money instead of raising taxes to pay for future bridge repair.
""Before we raise taxes, which could affect economic growth, I would strongly urge the Congress to examine how they set priorities,"" said Bush. ""If bridges are a priority, let's make sure that we set that priority before we",0,22,2007-08-09
1c2b5468-99cb-4fad-aa6d-e81b0e82b3e1,https://abc13.com/amber-alert-wyatt-crowley-found-safe-joshua/10572691/,"4-year-old Wyatt Crowley out of Austin, Texas, at center of Amber Alert found safe - ABC13 Houston","Officials found Wyatt Crowley when they located 36-year-old Joshua Crowley, who was wanted in connection with Wyatt's abduction.
Law enforcement tracked Crowley to the Houston-area where the U.S. Marshals Gulf Coast Violent Offenders Task Force, Texas Rangers and deputies with the Washington County Sheriff's Office arrested him at a Subway restaurant at West Road and I-45 Monday evening.
Crowley was wanted for a shooting that happened Sunday in Burton, Texas, which is near Brenham.
Deputies beli",0,22,2021-05-03
ad4e1d98-caf0-4159-a278-d90c3390fdd1,https://www.wral.com/-the-va-is-in-turmoil-again-/17519870/,'The VA is in turmoil again' :: WRAL.com,"'The VA is in turmoil again'
Posted April 29, 2018 3:37 p.m. EDT
() —
(CNN) -- For years, the US Department of Veterans Affairs had been roiled by mishaps, setbacks and controversies. But recently, several veterans and their family members told CNN, they believed the department was finally improving.
Now, with all the political turmoil surrounding the appointment of a new secretary, they're not so sure.
President Donald Trump announced last month that Secretary David Shulkin would be replaced wi",0,22,2018-04-29
834d6f7d-e513-4a9c-8294-21eb96882401,https://www.startribune.com/a-man-lost-in-history/164577856/?refer=y,A man lost in history - StarTribune.com,"Editor's note: In 2012, as the 150th anniversary of the U.S.-Dakota War approached, the Star Tribune sought to explain the significance of the tragic time with a historical narrative, told through the story of Little Crow, a Dakota chief who, at times reluctantly, led the 1862 rebellion. This is part 1 of 6.
As darkness cooled the thick August air, the creek-side village pulsed with excitement.Drums thundered like heartbeats as men, women and children whirled around their fires and sang, feastin",0,22,2012-08-12
71ecb4b3-fd79-49a1-bfca-0e4eeeebbf99,https://www.nbc12.com/2020/08/04/five-tornadoes-confirmed-confirmed-virginia-two-northern-neck/,"NWS service confirms 2 more tornadoes in Virginia, bringing total to 6","NWS service confirms 2 more tornadoes in Virginia, bringing total to 6
RICHMOND, Va. (WWBT) - The National Weather Service has now confirmed six tornadoes in Virginia from Tuesday’s storms.
The two newly confirmed tornadoes were in Northumberland and Lancaster counties.
The EF-2 tornado that started in Lancaster and went into Northumberland had winds up to 135 mph. The NWS said a total of five people were injured in this tornado.
The second one, an EF-1 tornado, was in Northumberland near Reedvi",0,22,2020-08-06
e709ce31-72d4-44fd-8935-9bc65df99c24,https://www.wfaa.com/article/news/education/state-sen-royce-west-sends-letter-to-carroll-isd-demanding-it-adopt-embattled-diversity-plan/287-3129c689-1e4f-47a7-a2d0-6f8d018eb81e,Royce West to Carroll ISD: Adopt diversity plan | wfaa.com,"SOUTHLAKE, Texas — State Sen. Royce West, D-Dallas, is joining a divided fight in the wealthy suburb of Southlake that surrounds a diversity plan for Carroll ISD, which was kickstarted by a 2018 viral video of some high school students using the N-word.
The plan, however, was ultimately rebuffed by the school board last summer after parent pushback in a town with just 2% of Black people making up its population.
It has yet to be adopted and is now in limbo thanks to a successful parent lawsuit t",0,22,2026-05-11
d3964853-b9a3-4323-8684-a96cfe49ce44,https://www.wgrz.com/article/news/health/coronavirus/vaccine/tips-for-how-to-get-vaccinated-from-covid-19-faster-western-new-york/71-9040c77f-3321-444e-9577-609645f099cd,Health agencies work to keep up with demand for COVID-19 vaccine | wgrz.com,"BUFFALO, N.Y. — 2 On Your Side has heard from a lot of people who are looking to get vaccinated.
We've heard from some health experts tips in how those who are eligible to get the vaccine can possibly get the shot faster.
Our sources on these tips are the pharmacy director at Niagara Falls Memorial Medical Center, Michelle Lewis, and Paul Pettit, the public health director in Genesee and Orleans counties.
As a reminder, those who are eligible to get the vaccine right now need to fall in the Phas",0,22,2026-05-11
b0b9e810-a064-46b6-8ce8-173ca7af38e8,https://www.bostonherald.com/2021/11/08/mccaughey-new-vax-sciences-shows-mandates-unwise/,McCaughey: New vax science shows mandates unwise,"New scientific findings in the prestigious Lancet Infectious Diseases journal blow a hole in the argument that workers need to get vaccinated to protect those around them. The findings prove the foolishness of forcing police and other public employees to get jabbed or lose their pay. And President Joe Biden should retract his order to the Occupational Safety and Health Administration to compel large employers to mandate vaccines.
The journal reported Thursday that COVID-19 vaccines have “minimal",0,22,2021-11-08
106f74f9-49fa-4c16-8649-3a7de02a008d,https://www.mprnews.org/story/2007/05/08/gravitywaves,"Did ""gravity waves"" enhance last weekend's wind event in Minnesota and Iowa? | MPR News","High sustained winds of 30-40 mph with gusts over 60 mph ripped across southern Minnesota and northern Iowa last weekend. Damage to tree limbs and roofing shingles were reported in southwest Minnesota and northwest Iowa late Saturday night and Sunday morning. A high wind warning was issued for the area at 10:47 Saturday night. Though there were severe thunderstorms south of the area, this event was unusual in that these winds were not associated with severe thunderstorms. Though weather conditio",0,22,2007-05-08
662a5173-8e3f-4e6d-8cf0-e058b5119782,https://www.king5.com/article/news/community/how-you-can-help-whatcom-county-flood-victims/281-7e00bdfb-0cbe-441e-9915-e4048c595292,"How you can help Whatcom, Skagit county flood victims | king5.com","WHATCOM COUNTY, Wash. — Flooding in Whatcom County has displaced hundreds of people and caused an unknown amount of damage to homes.
Up to 500 people were staying in shelters Tuesday, according to county officials.
Damage assessments are just beginning.
The Whatcom Community Foundation is accepting donations to its Resilience Fund. It is matching dollar for dollar, up to $115,000. Local donors came together to create the $100,00 matching pool. Puget Sound Energy added $15,000.
The Red Cross is a",1,22,2026-05-11
977d1bd7-582d-4d5f-8223-29967a4bac58,https://www.wsbtv.com/news/local/cobb-county/cobb-police-stepping-up-patrols-after-3-shootings-this-month-popular-shopping-areas/F26DTPKEXREWJOKDREV6YIKC6M/,Cobb police stepping up patrols after 3 shootings this month at popular shopping areas – WSB-TV Channel 2 - Atlanta,"Cobb County police are increasing patrols around shopping centers after three recent shootings all within a mile of each other.
The most recent shooting happened Tuesday night at Akers Mill Square.
“People were yelling, ‘Get down, get down,’” witness Laura Wilt said. “And I’m thinking, am I ever going to see my family again?”
[DOWNLOAD: Free WSB-TV News app for alerts as news breaks]
Wilt ducked under a table and called 911 when she heard the shooting Tuesday night outside the Cinco Mexican Cant",0,22,2021-03-31
22f4d2fa-1236-4145-a94d-e18ec18496e0,https://www.wkyt.com/2021/08/18/lee-co-school-district-superintendent-school-is-back-fifth-grade-still-quarantined/,"Lee County School District Superintendent: School is back on, fifth grade still quarantined","Lee County School District Superintendent: School is back on, fifth grade still quarantined
LEE COUNTY, Ky. (WYMT) - Lee County schools will be back in session, despite being out for the first part of the week.
“School IS In Session Thursday and Friday,” said Sarah Wasson, the Lee County School District Superintendent in a Facebook post.
There are some exceptions to the return, though.
“We must ask all 5th grade students to not attend school,” said Wasson. “While we do not like to ask one full g",0,22,2021-08-18
be27b0b7-76b9-4b81-a154-a7b926c3a1eb,https://www.king5.com/article/news/community/outpouring-of-support-for-whatcom-county-flood-victims/281-6ca1ee46-43e2-4a40-8bca-fd878e3b60e2,'It's like a big giant hug': Those displaced by Whatcom County floods find outpouring of support | king5.com,"LYNDEN, Wash. — Jeffrey Goins is overwhelmed by the outpouring of love and support from the people of his north Whatcom County community.
""It's like a big, giant hug,"" he says. ""It really makes you feel warm.""
Jeffrey, his wife, and 4 daughters escaped rapidly rising waters from historic floods this week. Cold, wet and with nowhere else to go they found shelter at North County Christ the King Church in Lynden.
The church has converted itself into a one-stop relief agency. It has housed dozens of",1,22,2026-05-11
ab18ff72-b5c1-46ad-8eeb-50b13b6360cd,https://www.wsmv.com/news/neighbor-vowing-to-help-others-after-deadly-tornadoes/article_82024884-7c95-11eb-8472-1f73776e45cf.html?block_id=856404,Neighbor vowing to help others after deadly tornadoes | News | wsmv.com,"NASHVILLEM, TN (WSMV) - One year ago today, many lives changed forever here in Nashville. An EF-3 tornado ripped apart buildings, houses, and also lives.
News 4 had a chance to speak with one woman who lost her home in Germantown. As she works to put her life back together, she has vowed to use her pain to help others.
""It is extremely difficult. And even a year later, I'm still suffering from a lot of PTSD."" Jolie Yockey was on the couch with her dog Lottie the night the tornado hit her Germant",0,22,2021-03-03
ac35217d-9d7f-4d4d-9172-0b808536dc12,https://www.ktvu.com/news/about-a-third-of-parents-say-they-definitely-wont-get-their-5-to-11-year-olds-vaccinated-against-covid,About a third of parents say they definitely won't get their 5- to 11-year-olds vaccinated against COVID,"SAN FRANCISCO - On Friday, the U.S. Food and Drug Administration approved Pfizer's COVID-19 vaccine for emergency use in children ages 5 to 11. Next, the Center for Disease Control and Prevention will make its recommendations. That meeting is scheduled for Tuesday.
But a new Kaiser Family Foundation survey shows that even when the approval comes, likely next week, many parents are still hesitant about vaccinating their young children right away.
The survey shows parents are almost evenly split i",0,22,2021-10-29
39adf387-5fa0-4d7b-b15d-379dc334dd17,https://www.wsoctv.com/news/local/heres-which-grocery-stores-restaurants-event-venues-are-still-requiring-masks/PGYLE2OS7ZEF7G2DW5ZLWBICDI/,Your guide to which companies and local businesses require masks – WSOC TV,"CHARLOTTE — UPDATED: Starting August 18, you’ll need to wear a mask in Charlotte and parts of Mecklenburg County.
The City of Charlotte and the unincorporated parts of the county will go back under an indoor mask mandate, with the rest of the county most likely following in its footsteps soon after, county officials have announced.
This latest recommendation applies to those who have not been vaccinated as well as those who have gotten the shots.
Charlotte businesses are handling the changes dif",0,22,2021-08-18
a007baa6-8434-4705-ab3c-33f457fa8f00,https://www.wsmv.com/news/us_world_news/yes-you-are-getting-lots-of-robocalls-again/article_0285d12b-08a2-59a3-a7e5-b13fc310c4ae.html,"Yes, you are getting lots of robocalls again | US World News | wsmv.com","(CNN) -- After a year of relief, robocalls are back up to pre-pandemic levels.
Americans received more than 4.6 billion robocalls in February, up 15% compared to January, according to new data from YouMail, a robocall-prevention service that tracks robocall traffic across the United States. About 159.1 million robocalls were placed each day last month.
This marked the highest monthly robocall volume since February 2020, notably right before the Covid-19 pandemic hit the United States hard. So fa",0,22,2021-03-04
18ac14ce-c576-4e34-9b32-8f14776d5df2,https://apnews.com/0057adec1750407e862e547a362d3aa8,Tribes: New evidence proves massacre was at Nevada mine site | AP News,"Tribes: New evidence proves massacre was at Nevada mine site
RENO, Nev. (AP) — Tribal lawyers are asking a U.S. judge in Nevada to reconsider her earlier refusal to block digging at a proposed lithium mine near the Oregon line where they say newly uncovered evidence proves it was the sacred site of a massacre of dozens of Native Americans in 1865.
The new motion filed in federal court in Reno includes an 1865 newspaper report and two eyewitness accounts of how at least 31 Paiute men, women and c",0,22,2021-10-05
568dc363-e92c-4abf-9aab-45df65a8c766,https://www.detroitnews.com/story/news/environment/2021/10/17/kamala-harris-discuss-drought-climate-change-lake-mead/8502930002/,"Kamala Harris to discuss drought, climate change at Lake Mead","Kamala Harris to discuss drought, climate change at Lake Mead
Washington — Vice President Kamala Harris on Monday will highlight the problems caused by Western drought as she visits Lake Mead in Nevada and makes the case for the Biden administration's infrastructure and climate change proposals that have stalled in Congress.
Harris will be briefed by Bureau of Reclamation officials about elevation levels at the manmade reservoir that supplies drinking water to 25 million people in the American W",0,22,2021-10-17
e90f0349-207f-46d2-9571-23c8b302cd8b,https://www.denverpost.com/2014/11/29/briefs-jamie-mcginns-status-worrisome-for-avs/,Briefs: Jamie McGinn’s status worrisome for Avs – The Denver Post,"When will forward Jamie McGinn be back with the Avalanche? Nobody seems to know.
Avs coach Patrick Roy said McGinn, out because of a back injury, has seen multiple doctors since he played Nov. 15 against the Devils in Newark, N.J.
Roy didn’t seem too encouraged when asked when McGinn might be back.
“We’ll see. He gets re-evaluated every day, but right now there’s not much to tell,” Roy said.
McGinn has not skated since that game and hasn’t been seen much around the team of late. He remains on in",0,22,2014-11-29
f7c780d9-60bf-4806-ab85-d457d8e0041d,https://www.wthr.com/article/news/health/coronavirus/latest-indiana-coronavirus-covid-19-updates-sunday-june-20-2021/531-c0866d7c-2feb-44ae-987d-7d26ec5e4318,"Indiana coronavirus COVID-19 updates for Sunday, June 20, 2021 | wthr.com","INDIANAPOLIS — Here are Sunday's latest updates on the coronavirus pandemic, including the latest news on COVID-19 vaccinations and testing in Indiana.
Registrations for the vaccine are now open for Hoosiers 12 and older through the Indiana State Department of Health. This story will be updated over the course of the day with more news on the COVID-19 pandemic.
Pandemic-delayed surgeries share blame for blood shortage
Some hospitals are delaying or rescheduling surgeries because of a shortage of",0,22,2026-05-11
461a7cc9-ad88-4dd5-b22d-10b67d686749,https://www.startribune.com/just-opened-khaluna-in-minneapolis-offers-good-looks-great-tastes/600111135/,"Just-opened Khâluna in Minneapolis offers good looks, great tastes - StarTribune.com","After opening Lemon Grass in Brooklyn Park in 2006, and Lat14 in Golden Valley 12 years later, chef Ann Ahmed has attained a significant goal with the recent launch of Khâluna, her latest — and most ambitious — restaurant.
""I've been working on getting to Minneapolis for my entire career,"" she said. ""Every time I've tried, it didn't work out, and for a while I just gave up. Don't get me wrong, I don't have any regrets being in the suburbs. I love the suburbs. But Minneapolis is different. There'",0,22,2021-10-29
c432b5b7-2fcd-43c4-91a6-41af3dfd28a8,https://www.bostonherald.com/2021/10/24/how-leptospirosis-can-spread-to-dogs/,How leptospirosis can spread to dogs,"I have seen a lot of recent media coverage regarding leptospirosis, which I have had my dog vaccinated against. The news coverage suggests that the problem is transmitted by rats. I thought other species and wildlife were the carriers of this disease, which is why I had my dog vaccinated. We live in the suburbs and there is not much in the way of rats in our neighborhood, or at least we don’t think so.
How much of a problem is this and should we be concerned? It seems that this disease also can ",0,22,2021-10-24
6e8ed845-a152-4152-b8ec-3dc775c03a39,https://www.kgw.com/article/life/style/lets-get-out-there/lets-get-out-there-washington-state-parks-free-days/283-55aaa152-f6d1-484b-aa31-9a13649aa78c,Let's Get Out There: Beacon Rock State Park | kgw.com,"SKAMANIA COUNTY, Wash. — In this week's Let's Get Out There, we head to Beacon Rock State Park to find out more about Washington State Parks' free days.
It begins with just a short drive to the Washington side of the Columbia River Gorge. If you haven’t stood atop it, you’ve probably seen it — Beacon Rock.
“It's the center of an old volcano and essentially, with the Ice Age floods, they gouged through the gorge here. It just washed around the center of that creating what we now know as Beacon Ro",0,22,2026-05-11
d02e52a1-5fe3-4c37-98a4-4040cff8faad,https://www.cpr.org/2019/02/18/archaeologists-find-evidence-of-human-habitation-in-the-rockies-stretching-back-9000-years/,"Archaeologists Find Evidence Of Human Habitation In The Rockies Stretching Back 9,000 Years | Colorado Public Radio","Originally published on February 7, 2019 6:15 am
Archaeologists studying a prehistoric site in Golden, Colorado, have found that people lived there thousands of years earlier than previously thought.
The site is called “Magic Mountain” after an amusement park that used to own the land back when excavations started in the 1950s.
Archaeologists like Mark Mitchell knew that people, likely nomadic hunter-gatherers, had lived and camped at the site for much of the last 5,000 years.
“It's a great plac",0,22,2019-02-18
657aace7-ad81-4561-ad93-db4887482393,https://www.ktvu.com/news/americans-quit-jobs-at-record-pace-in-september-for-2nd-straight-month,Americans quit jobs at record pace in September for 2nd straight month,"Americans quit their jobs at a record pace for the second straight month in September, in many cases for more money elsewhere as companies bump up pay to fill job openings that are close to an all-time high.
The Labor Department said Friday that 4.4 million people quit their jobs in September, or about 3% of the nation's workforce. That's up from 4.3 million in August and far above the pre-pandemic level of 3.6 million. There were 10.4 million job openings, down from 10.6 million in August, whic",0,22,2021-11-12
